.row,obs_id,year,log_births_true,lag_log_births,.pred,model,observed,predicted,residual,test_year
163,05_2022,2022,0,0,0.8933706726599857,Linear regression (lag-only),0,0.8933706726599857,-0.8933706726599857,2022
164,06_2022,2022,2.772588722239781,2.772588722239781,2.3323544183342473,Linear regression (lag-only),2.772588722239781,2.3323544183342473,0.44023430390553386,2022
165,07_2022,2022,0,1.791759469228055,-1.1976566260872332,Linear regression (lag-only),0,-1.1976566260872332,1.1976566260872332,2022
166,08_2022,2022,4.330733340286331,4.2626798770413155,4.299399203101306,Linear regression (lag-only),4.330733340286331,4.299399203101306,0.03133413718502531,2022
167,09_2022,2022,3.4339872044851463,3.58351893845611,3.5119283797527068,Linear regression (lag-only),3.4339872044851463,3.5119283797527068,-0.0779411752675605,2022
168,10_2022,2022,7.333676395657684,7.333676395657684,6.846050078515483,Linear regression (lag-only),7.333676395657684,6.846050078515483,0.48762631714220106,2022
169,11_2022,2022,5.638354669333745,5.929589143389895,5.640972534191758,Linear regression (lag-only),5.638354669333745,5.640972534191758,-0.0026178648580126307,2022
170,12_2022,2022,0,1.791759469228055,-0.045974528135071635,Linear regression (lag-only),0,-0.045974528135071635,0.045974528135071635,2022
171,13_2022,2022,6.293419278846481,6.236369590203704,6.243952782863992,Linear regression (lag-only),6.293419278846481,6.243952782863992,0.04946649598248953,2022
172,14_2022,2022,6.100318952020064,6.523562306149512,6.31203759989106,Linear regression (lag-only),6.100318952020064,6.31203759989106,-0.21171864787099537,2022
173,15_2022,2022,4.51085950651685,4.51085950651685,4.274873293550305,Linear regression (lag-only),4.51085950651685,4.274873293550305,0.23598621296654443,2022
174,16_2022,2022,7.1592919047975645,7.280008252884188,7.130060526354402,Linear regression (lag-only),7.1592919047975645,7.130060526354402,0.02923137844316237,2022
175,17_2022,2022,4.983606621708336,4.912654885736052,4.850697323268576,Linear regression (lag-only),4.983606621708336,4.850697323268576,0.13290929843976063,2022
176,18_2022,2022,6.455198563340122,6.641182169740591,7.212168077383395,Linear regression (lag-only),6.455198563340122,7.212168077383395,-0.7569695140432726,2022
177,19_2022,2022,0,2.772588722239781,2.3296533534249875,Linear regression (lag-only),0,2.3296533534249875,-2.3296533534249875,2022
178,20_2022,2022,6.19644412779452,6.175867270105761,5.754824031478288,Linear regression (lag-only),6.19644412779452,5.754824031478288,0.44162009631623267,2022
179,21_2022,2022,4.454347296253507,4.454347296253507,4.112497360362102,Linear regression (lag-only),4.454347296253507,4.112497360362102,0.3418499358914051,2022
180,22_2022,2022,5.545177444479562,5.69035945432406,6.290046470672399,Linear regression (lag-only),5.545177444479562,6.290046470672399,-0.7448690261928368,2022
181,23_2022,2022,6.523562306149512,5.955837369464831,6.002672668107217,Linear regression (lag-only),6.523562306149512,6.002672668107217,0.5208896380422949,2022
182,24_2022,2022,5.303304908059076,5.170483995038151,5.298336932542414,Linear regression (lag-only),5.303304908059076,5.298336932542414,0.004967975516661838,2022
183,25_2022,2022,7.186144304522325,7.297091005160418,8.026938185779276,Linear regression (lag-only),7.186144304522325,8.026938185779276,-0.8407938812569506,2022
184,26_2022,2022,6.175867270105761,6.175867270105761,6.389314285883379,Linear regression (lag-only),6.175867270105761,6.389314285883379,-0.21344701577761782,2022
185,27_2022,2022,5.723585101952381,5.655991810819852,5.788651626280617,Linear regression (lag-only),5.723585101952381,5.788651626280617,-0.06506652432823667,2022
186,28_2022,2022,6.673297967767654,6.206575926724928,6.690557510081748,Linear regression (lag-only),6.673297967767654,6.690557510081748,-0.017259542314093324,2022
187,29_2022,2022,6.077642243349034,6.3473892096560105,6.031104252261483,Linear regression (lag-only),6.077642243349034,6.031104252261483,0.04653799108755141,2022
188,30_2022,2022,5.638354669333745,5.638354669333745,5.699634978179664,Linear regression (lag-only),5.638354669333745,5.699634978179664,-0.06128030884591862,2022
189,31_2022,2022,6.523562306149512,6.710523109452428,6.630262898924179,Linear regression (lag-only),6.523562306149512,6.630262898924179,-0.1067005927746667,2022
190,32_2022,2022,6.943122422819428,7.00850518208228,7.108287999447758,Linear regression (lag-only),6.943122422819428,7.108287999447758,-0.16516557662832998,2022
191,33_2022,2022,7.424165281042028,7.467942332285852,7.612774369402773,Linear regression (lag-only),7.424165281042028,7.612774369402773,-0.18860908836074497,2022
192,35_2022,2022,6.255750041753367,6.406879986069314,6.489871272121451,Linear regression (lag-only),6.255750041753367,6.489871272121451,-0.23412123036808374,2022
193,36_2022,2022,1.791759469228055,0,3.363788737573713,Linear regression (lag-only),1.791759469228055,3.363788737573713,-1.5720292683456583,2022
194,37_2022,2022,4.7535901911063645,4.948759890378168,4.72746017396562,Linear regression (lag-only),4.7535901911063645,4.72746017396562,0.026130017140744144,2022
195,38_2022,2022,6.580639137284949,6.7226297948554485,6.443203071262921,Linear regression (lag-only),6.580639137284949,6.443203071262921,0.13743606602202796,2022
196,39_2022,2022,5.198497031265826,5.170483995038151,4.780170592475203,Linear regression (lag-only),5.198497031265826,4.780170592475203,0.4183264387906229,2022
197,41_2022,2022,9.8015101964236635,9.886137914201015,9.748083779663858,Linear regression (lag-only),9.8015101964236635,9.748083779663858,0.053426416759805306,2022
198,42_2022,2022,7.994969522697877,8.02322468471667,8.186897749338536,Linear regression (lag-only),7.994969522697877,8.186897749338536,-0.191928226640659,2022
199,43_2022,2022,10.252946523854552,10.317945437479338,10.365417031242233,Linear regression (lag-only),10.252946523854552,10.365417031242233,-0.11247050738768039,2022
200,45_2022,2022,8.932740634865914,9.089414904047302,9.29200366285486,Linear regression (lag-only),8.932740634865914,9.29200366285486,-0.3592630279889466,2022
201,46_2022,2022,9.283683766200392,9.509036565691064,9.432409663591818,Linear regression (lag-only),9.283683766200392,9.432409663591818,-0.14872589739142583,2022
202,47_2022,2022,10.28946398406043,10.56800375029692,10.33095592392515,Linear regression (lag-only),10.28946398406043,10.33095592392515,-0.041491939864719996,2022
203,49_2022,2022,9.72142596194803,9.936003144212808,9.428863316919271,Linear regression (lag-only),9.72142596194803,9.428863316919271,0.2925626450287595,2022
204,50_2022,2022,4.7535901911063645,4.7535901911063645,5.054636594946021,Linear regression (lag-only),4.7535901911063645,5.054636594946021,-0.3010464038396563,2022
205,51_2022,2022,4.454347296253507,5.545177444479562,4.835611876075975,Linear regression (lag-only),4.454347296253507,4.835611876075975,-0.3812645798224681,2022
206,52_2022,2022,7.796057974316123,7.972810784121404,7.634341632236501,Linear regression (lag-only),7.796057974316123,7.634341632236501,0.1617163420796217,2022
207,53_2022,2022,9.750394646402302,10.008568028986636,9.217625057127833,Linear regression (lag-only),9.750394646402302,9.217625057127833,0.5327695892744693,2022
208,55_2022,2022,7.78155595923534,7.75833346749091,7.629941330651389,Linear regression (lag-only),7.78155595923534,7.629941330651389,0.15161462858395147,2022
209,56_2022,2022,10.171833888681167,10.262070674744162,9.826199662636677,Linear regression (lag-only),10.171833888681167,9.826199662636677,0.34563422604449023,2022
210,58_2022,2022,7.3783837129967145,7.349873704738337,7.201145424946762,Linear regression (lag-only),7.3783837129967145,7.201145424946762,0.17723828804995279,2022
211,59_2022,2022,8.38160253710989,8.344267356262645,8.28336767390785,Linear regression (lag-only),8.38160253710989,8.28336767390785,0.09823486320203934,2022
212,60_2022,2022,5.4638318050256105,5.583496308781699,5.555055595245133,Linear regression (lag-only),5.4638318050256105,5.555055595245133,-0.0912237902195221,2022
213,61_2022,2022,6.769641976852503,6.836259277277067,6.767470410373646,Linear regression (lag-only),6.769641976852503,6.767470410373646,0.002171566478857301,2022
214,62_2022,2022,9.555772349968867,9.543306469268108,9.801983547399214,Linear regression (lag-only),9.555772349968867,9.801983547399214,-0.24621119743034647,2022
215,63_2022,2022,7.13966033596492,7.27655640271871,6.988868787860129,Linear regression (lag-only),7.13966033596492,6.988868787860129,0.15079154810479078,2022
216,64_2022,2022,7.349873704738337,7.13966033596492,6.959163342931736,Linear regression (lag-only),7.349873704738337,6.959163342931736,0.390710361806601,2022
217,65_2022,2022,5.081404364984463,5.25227342804663,5.285418731144563,Linear regression (lag-only),5.081404364984463,5.285418731144563,-0.2040143661600995,2022
218,66_2022,2022,6.966967138613983,7.53689712956617,7.954695475760262,Linear regression (lag-only),6.966967138613983,7.954695475760262,-0.9877283371462795,2022
219,68_2022,2022,9.378055776380775,9.421897054038473,9.623720027316251,Linear regression (lag-only),9.378055776380775,9.623720027316251,-0.2456642509354765,2022
220,69_2022,2022,8.48590890137647,8.624431942085836,9.142827025029085,Linear regression (lag-only),8.48590890137647,9.142827025029085,-0.6569181236526145,2022
221,70_2022,2022,9.839268980209477,9.92627591416656,10.0650321420353,Linear regression (lag-only),9.839268980209477,10.0650321420353,-0.22576316182582268,2022
222,71_2022,2022,8.801017833540714,8.914088348841334,9.36722053524791,Linear regression (lag-only),8.801017833540714,9.36722053524791,-0.566202701707196,2022
223,72_2022,2022,6.3561076606958915,6.666956792429207,6.291079368800852,Linear regression (lag-only),6.3561076606958915,6.291079368800852,0.06502829189503956,2022
224,73_2022,2022,7.901377353792616,8.028129059431759,7.892012732174438,Linear regression (lag-only),7.901377353792616,7.892012732174438,0.00936462161817797,2022
225,74_2022,2022,9.513477398982824,9.2179116374725,9.348126607258278,Linear regression (lag-only),9.513477398982824,9.348126607258278,0.1653507917245456,2022
226,75_2022,2022,5.968707559985366,5.831882477283517,5.980773305659211,Linear regression (lag-only),5.968707559985366,5.980773305659211,-0.012065745673845107,2022
227,77_2022,2022,7.479299637782834,7.601402334583733,7.650458026025665,Linear regression (lag-only),7.479299637782834,7.650458026025665,-0.17115838824283092,2022
228,78_2022,2022,8.156510226079966,8.487970332739334,8.040292398812321,Linear regression (lag-only),8.156510226079966,8.040292398812321,0.11621782726764529,2022
229,79_2022,2022,6.7226297948554485,6.852242569051878,6.91046705159232,Linear regression (lag-only),6.7226297948554485,6.91046705159232,-0.1878372567368718,2022
230,80_2022,2022,7.317212408359839,7.418180822726788,6.939312016010906,Linear regression (lag-only),7.317212408359839,6.939312016010906,0.37790039234893325,2022
231,81_2022,2022,8.822616945344176,8.938662873666118,8.610780909888046,Linear regression (lag-only),8.822616945344176,8.610780909888046,0.2118360354561304,2022
232,82_2022,2022,10.150191368259351,9.833923089150218,9.783117908982808,Linear regression (lag-only),10.150191368259351,9.783117908982808,0.36707345927654345,2022
233,85_2022,2022,8.517393171418904,8.591558273371545,8.43162280262354,Linear regression (lag-only),8.517393171418904,8.43162280262354,0.08577036879536415,2022
234,86_2022,2022,8.942591637231851,8.786609455061125,8.763388478691938,Linear regression (lag-only),8.942591637231851,8.763388478691938,0.17920315853991298,2022
235,87_2022,2022,7.017506142941256,6.8679744089702925,6.865836991081236,Linear regression (lag-only),7.017506142941256,6.865836991081236,0.1516691518600206,2022
236,88_2022,2022,7.661997558901893,7.923348211930154,8.094266495709089,Linear regression (lag-only),7.661997558901893,8.094266495709089,-0.4322689368071959,2022
237,90_2022,2022,8.139148678884066,8.045908742270779,8.398327946471548,Linear regression (lag-only),8.139148678884066,8.398327946471548,-0.25917926758748244,2022
238,91_2022,2022,4.454347296253507,4.564348191467836,5.163387877072832,Linear regression (lag-only),4.454347296253507,5.163387877072832,-0.709040580819325,2022
239,92_2022,2022,3.58351893845611,3.713572066704308,4.438282273952145,Linear regression (lag-only),3.58351893845611,4.438282273952145,-0.8547633354960347,2022
240,93_2022,2022,8.380456667842767,8.458716261657262,8.33834559097936,Linear regression (lag-only),8.380456667842767,8.33834559097936,0.04211107686340654,2022
241,94_2022,2022,6.852242569051878,7.103322062526113,7.814803667780189,Linear regression (lag-only),6.852242569051878,7.814803667780189,-0.9625610987283109,2022
242,95_2022,2022,6.654152520183219,7.182352111885263,7.157334103738894,Linear regression (lag-only),6.654152520183219,7.157334103738894,-0.5031815835556745,2022
243,96_2022,2022,9.155461710466193,9.098961783992793,9.2988157851905,Linear regression (lag-only),9.155461710466193,9.2988157851905,-0.14335407472430717,2022
244,05_2023,2023,0,0,0.6446173774236441,Linear regression (lag-only),0,0.6446173774236441,-0.6446173774236441,2023
245,06_2023,2023,1.791759469228055,2.772588722239781,2.3179066139960547,Linear regression (lag-only),1.791759469228055,2.3179066139960547,-0.5261471447679997,2023
246,07_2023,2023,0,0,-0.033534518600782715,Linear regression (lag-only),0,-0.033534518600782715,0.033534518600782715,2023
247,08_2023,2023,3.9318256327243257,4.330733340286331,4.448486579921555,Linear regression (lag-only),3.9318256327243257,4.448486579921555,-0.5166609471972294,2023
248,09_2023,2023,3.9318256327243257,3.4339872044851463,3.650772878963339,Linear regression (lag-only),3.9318256327243257,3.650772878963339,0.2810527537609868,2023
249,10_2023,2023,6.8885724595653635,7.333676395657684,7.022653483661508,Linear regression (lag-only),6.8885724595653635,7.022653483661508,-0.13408102409614475,2023
250,11_2023,2023,5.638354669333745,5.638354669333745,5.6534344467986735,Linear regression (lag-only),5.638354669333745,5.6534344467986735,-0.015079777464928057,2023
251,12_2023,2023,0,0,-0.033534518600782715,Linear regression (lag-only),0,-0.033534518600782715,0.033534518600782715,2023
252,13_2023,2023,5.955837369464831,6.293419278846481,6.2710858453410045,Linear regression (lag-only),5.955837369464831,6.2710858453410045,-0.31524847587617355,2023
253,14_2023,2023,5.846438775057725,6.100318952020064,6.183498481791114,Linear regression (lag-only),5.846438775057725,6.183498481791114,-0.33705970673338914,2023
254,15_2023,2023,4.02535169073515,4.51085950651685,4.333158049938547,Linear regression (lag-only),4.02535169073515,4.333158049938547,-0.30780635920339705,2023
255,16_2023,2023,6.873163834212518,7.1592919047975645,7.118225011338443,Linear regression (lag-only),6.873163834212518,7.118225011338443,-0.24506117712592523,2023
256,17_2023,2023,4.51085950651685,4.983606621708336,4.965634696670385,Linear regression (lag-only),4.51085950651685,4.965634696670385,-0.4547751901535353,2023
257,18_2023,2023,6.406879986069314,6.455198563340122,7.119762441631049,Linear regression (lag-only),6.406879986069314,7.119762441631049,-0.7128824555617346,2023
258,19_2023,2023,1.791759469228055,0,3.125275167813481,Linear regression (lag-only),1.791759469228055,3.125275167813481,-1.3335156985854262,2023
259,20_2023,2023,5.602118820879701,6.19644412779452,5.93589202966349,Linear regression (lag-only),5.602118820879701,5.93589202966349,-0.33377320878378924,2023
260,21_2023,2023,4.02535169073515,4.454347296253507,4.201197843809524,Linear regression (lag-only),4.02535169073515,4.201197843809524,-0.17584615307437446,2023
261,22_2023,2023,5.327876168789581,5.545177444479562,6.301093107817855,Linear regression (lag-only),5.327876168789581,6.301093107817855,-0.9732169390282737,2023
262,23_2023,2023,5.8888779583328805,6.523562306149512,6.177860888624556,Linear regression (lag-only),5.8888779583328805,6.177860888624556,-0.28898293029167554,2023
263,24_2023,2023,5.049856007249537,5.303304908059076,5.252761116037333,Linear regression (lag-only),5.049856007249537,5.252761116037333,-0.202905108787796,2023
264,25_2023,2023,6.943122422819428,7.186144304522325,7.927052506776496,Linear regression (lag-only),6.943122422819428,7.927052506776496,-0.9839300839570679,2023
265,26_2023,2023,5.942799375126701,6.175867270105761,6.423410204965121,Linear regression (lag-only),5.942799375126701,6.423410204965121,-0.48061082983841974,2023
266,27_2023,2023,5.442417710521793,5.723585101952381,5.755805653579045,Linear regression (lag-only),5.442417710521793,5.755805653579045,-0.3133879430572515,2023
267,28_2023,2023,6.054439346269371,6.673297967767654,6.707420826069013,Linear regression (lag-only),6.054439346269371,6.707420826069013,-0.6529814797996423,2023
268,29_2023,2023,5.771441123130016,6.077642243349034,5.980586418415571,Linear regression (lag-only),5.771441123130016,5.980586418415571,-0.20914529528555548,2023
269,30_2023,2023,5.327876168789581,5.638354669333745,5.463343481029881,Linear regression (lag-only),5.327876168789581,5.463343481029881,-0.13546731224029962,2023
270,31_2023,2023,6.373319789577012,6.523562306149512,6.600332179019761,Linear regression (lag-only),6.373319789577012,6.600332179019761,-0.22701238944274849,2023
271,32_2023,2023,6.8885724595653635,6.943122422819428,7.041482353293714,Linear regression (lag-only),6.8885724595653635,7.041482353293714,-0.15290989372835018,2023
272,33_2023,2023,7.3752557780097545,7.424165281042028,7.466098355649607,Linear regression (lag-only),7.3752557780097545,7.466098355649607,-0.0908425776398527,2023
273,35_2023,2023,6.3818160174060985,6.255750041753367,6.453323462807617,Linear regression (lag-only),6.3818160174060985,6.453323462807617,-0.07150744540151877,2023
274,36_2023,2023,1.791759469228055,1.791759469228055,1.9056400077300302,Linear regression (lag-only),1.791759469228055,1.9056400077300302,-0.11388053850197521,2023
275,37_2023,2023,4.795790545596741,4.7535901911063645,4.754908540348184,Linear regression (lag-only),4.795790545596741,4.754908540348184,0.04088200524855701,2023
276,38_2023,2023,6.373319789577012,6.580639137284949,6.4688463965903,Linear regression (lag-only),6.373319789577012,6.4688463965903,-0.09552660701328808,2023
277,39_2023,2023,4.948759890378168,5.198497031265826,4.832565216473134,Linear regression (lag-only),4.948759890378168,4.832565216473134,0.11619467390503413,2023
278,41_2023,2023,9.702350081484532,9.8015101964236635,9.740717278989141,Linear regression (lag-only),9.702350081484532,9.740717278989141,-0.03836719750460915,2023
279,42_2023,2023,8.060224240440958,7.994969522697877,7.988906692943045,Linear regression (lag-only),8.060224240440958,7.988906692943045,0.07131754749791241,2023
280,43_2023,2023,10.225426113666,10.252946523854552,10.315059224439771,Linear regression (lag-only),10.225426113666,10.315059224439771,-0.08963311077377156,2023
281,45_2023,2023,8.949754525186103,8.932740634865914,9.25504434257454,Linear regression (lag-only),8.949754525186103,9.25504434257454,-0.3052898173884362,2023
282,46_2023,2023,9.171703488361265,9.283683766200392,9.46146173703211,Linear regression (lag-only),9.171703488361265,9.46146173703211,-0.28975824867084476,2023
283,47_2023,2023,10.193392153341007,10.28946398406043,10.318325732406915,Linear regression (lag-only),10.193392153341007,10.318325732406915,-0.12493357906590852,2023
284,49_2023,2023,9.310276200588783,9.72142596194803,9.221042972708332,Linear regression (lag-only),9.310276200588783,9.221042972708332,0.08923322788045063,2023
285,50_2023,2023,4.948759890378168,4.7535901911063645,4.921318526220004,Linear regression (lag-only),4.948759890378168,4.921318526220004,0.02744136415816456,2023
286,51_2023,2023,4.709530201312334,4.454347296253507,4.921642158516738,Linear regression (lag-only),4.709530201312334,4.921642158516738,-0.2121119572044039,2023
287,52_2023,2023,7.698936199813447,7.796057974316123,7.647950877434053,Linear regression (lag-only),7.698936199813447,7.647950877434053,0.05098532237939413,2023
288,53_2023,2023,9.0217190130337,9.750394646402302,9.127619341206836,Linear regression (lag-only),9.0217190130337,9.127619341206836,-0.10590032817313677,2023
289,55_2023,2023,7.80016307039296,7.78155595923534,7.676989104745344,Linear regression (lag-only),7.80016307039296,7.676989104745344,0.12317396564761651,2023
290,56_2023,2023,10.179640924163953,10.171833888681167,9.845696245073954,Linear regression (lag-only),10.179640924163953,9.845696245073954,0.33394467908999914,2023
291,58_2023,2023,7.368970402194793,7.3783837129967145,7.226845222576705,Linear regression (lag-only),7.368970402194793,7.226845222576705,0.14212517961808846,2023
292,59_2023,2023,8.4252971767117,8.38160253710989,8.26278820854774,Linear regression (lag-only),8.4252971767117,8.26278820854774,0.16250896816396043,2023
293,60_2023,2023,5.5053315359323625,5.4638318050256105,5.422917037185727,Linear regression (lag-only),5.5053315359323625,5.422917037185727,0.08241449874663509,2023
294,61_2023,2023,6.893656354602635,6.769641976852503,6.725279720942348,Linear regression (lag-only),6.893656354602635,6.725279720942348,0.1683766336602872,2023
295,62_2023,2023,9.542230699092284,9.555772349968867,9.659729396202986,Linear regression (lag-only),9.542230699092284,9.659729396202986,-0.11749869711070104,2023
296,63_2023,2023,6.976348070447749,7.13966033596492,6.952969390148921,Linear regression (lag-only),6.976348070447749,6.952969390148921,0.02337868029882806,2023
297,64_2023,2023,7.223295679562314,7.349873704738337,6.997571642820002,Linear regression (lag-only),7.223295679562314,6.997571642820002,0.2257240367423119,2023
298,65_2023,2023,5.049856007249537,5.081404364984463,5.155587908419325,Linear regression (lag-only),5.049856007249537,5.155587908419325,-0.10573190116978815,2023
299,66_2023,2023,6.852242569051878,6.966967138613983,7.901184975088111,Linear regression (lag-only),6.852242569051878,7.901184975088111,-1.0489424060362333,2023
300,68_2023,2023,9.456497077599392,9.378055776380775,9.606818491507026,Linear regression (lag-only),9.456497077599392,9.606818491507026,-0.15032141390763343,2023
301,69_2023,2023,8.48590890137647,8.48590890137647,9.05848240131408,Linear regression (lag-only),8.48590890137647,9.05848240131408,-0.5725734999376098,2023
302,70_2023,2023,9.896513288798792,9.839268980209477,9.926679950811655,Linear regression (lag-only),9.896513288798792,9.926679950811655,-0.030166662012863554,2023
303,71_2023,2023,8.871505346165781,8.801017833540714,9.206952314488897,Linear regression (lag-only),8.871505346165781,9.206952314488897,-0.33544696832311516,2023
304,72_2023,2023,6.3561076606958915,6.3561076606958915,6.298361833066559,Linear regression (lag-only),6.3561076606958915,6.298361833066559,0.05774582762933278,2023
305,73_2023,2023,7.964155718840937,7.901377353792616,7.854764744092025,Linear regression (lag-only),7.964155718840937,7.854764744092025,0.10939097474891213,2023
306,74_2023,2023,9.516058806914062,9.513477398982824,9.278460443928012,Linear regression (lag-only),9.516058806914062,9.278460443928012,0.2375983629860503,2023
307,75_2023,2023,5.8888779583328805,5.968707559985366,5.837710977320832,Linear regression (lag-only),5.8888779583328805,5.837710977320832,0.05116698101204875,2023
308,77_2023,2023,7.333676395657684,7.479299637782834,7.645593321531926,Linear regression (lag-only),7.333676395657684,7.645593321531926,-0.31191692587424225,2023
309,78_2023,2023,8.404248432400102,8.156510226079966,8.042517559591168,Linear regression (lag-only),8.404248432400102,8.042517559591168,0.3617308728089341,2023
310,79_2023,2023,7.061334366910438,6.7226297948554485,6.906086996073122,Linear regression (lag-only),7.061334366910438,6.906086996073122,0.15524737083731566,2023
311,80_2023,2023,7.43307534889858,7.317212408359839,6.97139432865323,Linear regression (lag-only),7.43307534889858,6.97139432865323,0.46168102024534985,2023
312,81_2023,2023,8.778941881841513,8.822616945344176,8.703982335740257,Linear regression (lag-only),8.778941881841513,8.703982335740257,0.07495954610125644,2023
313,82_2023,2023,10.039372423556493,10.150191368259351,9.673671645956443,Linear regression (lag-only),10.039372423556493,9.673671645956443,0.3657007776000505,2023
314,85_2023,2023,8.523374050491318,8.517393171418904,8.487308873267656,Linear regression (lag-only),8.523374050491318,8.487308873267656,0.036065177223662204,2023
315,86_2023,2023,9.078065332666364,8.942591637231851,8.785892371835828,Linear regression (lag-only),9.078065332666364,8.785892371835828,0.2921729608305359,2023
316,87_2023,2023,7.223295679562314,7.017506142941256,6.9726744908548115,Linear regression (lag-only),7.223295679562314,6.9726744908548115,0.2506211887075027,2023
317,88_2023,2023,7.643003635560718,7.661997558901893,8.154954527591364,Linear regression (lag-only),7.643003635560718,8.154954527591364,-0.5119508920306464,2023
318,90_2023,2023,8.228443883004033,8.139148678884066,8.28325285213386,Linear regression (lag-only),8.228443883004033,8.28325285213386,-0.05480896912982658,2023
319,91_2023,2023,4.454347296253507,4.454347296253507,5.047160142876669,Linear regression (lag-only),4.454347296253507,5.047160142876669,-0.5928128466231612,2023
320,92_2023,2023,3.044522437723423,3.58351893845611,4.604816563817296,Linear regression (lag-only),3.044522437723423,4.604816563817296,-1.5602941260938734,2023
321,93_2023,2023,8.405367376233981,8.380456667842767,8.350340131372256,Linear regression (lag-only),8.405367376233981,8.350340131372256,0.05502724486172461,2023
322,94_2023,2023,6.898714534329988,6.852242569051878,7.771666744484687,Linear regression (lag-only),6.898714534329988,7.771666744484687,-0.8729522101546987,2023
323,95_2023,2023,6.470799503782602,6.654152520183219,7.079580537481608,Linear regression (lag-only),6.470799503782602,7.079580537481608,-0.6087810336990058,2023
324,96_2023,2023,9.201400530406708,9.155461710466193,9.277451459287885,Linear regression (lag-only),9.201400530406708,9.277451459287885,-0.07605092888117682,2023
163,05_2022,2022,0,0,1.2150908974629921,"Random forest (tuned, lag-only)",0,1.2150908974629921,-1.2150908974629921,2022
164,06_2022,2022,2.772588722239781,2.772588722239781,2.0559779599294004,"Random forest (tuned, lag-only)",2.772588722239781,2.0559779599294004,0.7166107623103808,2022
165,07_2022,2022,0,1.791759469228055,1.3189527758622313,"Random forest (tuned, lag-only)",0,1.3189527758622313,-1.3189527758622313,2022
166,08_2022,2022,4.330733340286331,4.2626798770413155,4.319956530988363,"Random forest (tuned, lag-only)",4.330733340286331,4.319956530988363,0.010776809297968093,2022
167,09_2022,2022,3.4339872044851463,3.58351893845611,4.047283232305091,"Random forest (tuned, lag-only)",3.4339872044851463,4.047283232305091,-0.6132960278199446,2022
168,10_2022,2022,7.333676395657684,7.333676395657684,7.195532128134638,"Random forest (tuned, lag-only)",7.333676395657684,7.195532128134638,0.13814426752304598,2022
169,11_2022,2022,5.638354669333745,5.929589143389895,5.855732749234656,"Random forest (tuned, lag-only)",5.638354669333745,5.855732749234656,-0.21737807990091085,2022
170,12_2022,2022,0,1.791759469228055,1.314610015493188,"Random forest (tuned, lag-only)",0,1.314610015493188,-1.314610015493188,2022
171,13_2022,2022,6.293419278846481,6.236369590203704,6.202042490408226,"Random forest (tuned, lag-only)",6.293419278846481,6.202042490408226,0.09137678843825547,2022
172,14_2022,2022,6.100318952020064,6.523562306149512,6.252862954680267,"Random forest (tuned, lag-only)",6.100318952020064,6.252862954680267,-0.15254400266020252,2022
173,15_2022,2022,4.51085950651685,4.51085950651685,4.1953723035870345,"Random forest (tuned, lag-only)",4.51085950651685,4.1953723035870345,0.31548720292981525,2022
174,16_2022,2022,7.1592919047975645,7.280008252884188,7.0072722639963105,"Random forest (tuned, lag-only)",7.1592919047975645,7.0072722639963105,0.15201964080125396,2022
175,17_2022,2022,4.983606621708336,4.912654885736052,4.996322284048396,"Random forest (tuned, lag-only)",4.983606621708336,4.996322284048396,-0.012715662340059275,2022
176,18_2022,2022,6.455198563340122,6.641182169740591,6.938799712411451,"Random forest (tuned, lag-only)",6.455198563340122,6.938799712411451,-0.4836011490713288,2022
177,19_2022,2022,0,2.772588722239781,1.3786995372680726,"Random forest (tuned, lag-only)",0,1.3786995372680726,-1.3786995372680726,2022
178,20_2022,2022,6.19644412779452,6.175867270105761,5.943365831637415,"Random forest (tuned, lag-only)",6.19644412779452,5.943365831637415,0.2530782961571054,2022
179,21_2022,2022,4.454347296253507,4.454347296253507,4.306831468122552,"Random forest (tuned, lag-only)",4.454347296253507,4.306831468122552,0.1475158281309552,2022
180,22_2022,2022,5.545177444479562,5.69035945432406,6.102525887749498,"Random forest (tuned, lag-only)",5.545177444479562,6.102525887749498,-0.5573484432699356,2022
181,23_2022,2022,6.523562306149512,5.955837369464831,5.91499600034103,"Random forest (tuned, lag-only)",6.523562306149512,5.91499600034103,0.6085663058084823,2022
182,24_2022,2022,5.303304908059076,5.170483995038151,5.13654702812272,"Random forest (tuned, lag-only)",5.303304908059076,5.13654702812272,0.16675787993635538,2022
183,25_2022,2022,7.186144304522325,7.297091005160418,7.712600892798229,"Random forest (tuned, lag-only)",7.186144304522325,7.712600892798229,-0.526456588275904,2022
184,26_2022,2022,6.175867270105761,6.175867270105761,6.390271917610602,"Random forest (tuned, lag-only)",6.175867270105761,6.390271917610602,-0.2144046475048409,2022
185,27_2022,2022,5.723585101952381,5.655991810819852,5.934545508164514,"Random forest (tuned, lag-only)",5.723585101952381,5.934545508164514,-0.2109604062121333,2022
186,28_2022,2022,6.673297967767654,6.206575926724928,6.4077952558952544,"Random forest (tuned, lag-only)",6.673297967767654,6.4077952558952544,0.2655027118723998,2022
187,29_2022,2022,6.077642243349034,6.3473892096560105,6.029675464634604,"Random forest (tuned, lag-only)",6.077642243349034,6.029675464634604,0.04796677871443045,2022
188,30_2022,2022,5.638354669333745,5.638354669333745,5.56432400390196,"Random forest (tuned, lag-only)",5.638354669333745,5.56432400390196,0.07403066543178571,2022
189,31_2022,2022,6.523562306149512,6.710523109452428,6.456772612778268,"Random forest (tuned, lag-only)",6.523562306149512,6.456772612778268,0.06678969337124396,2022
190,32_2022,2022,6.943122422819428,7.00850518208228,7.100168281556532,"Random forest (tuned, lag-only)",6.943122422819428,7.100168281556532,-0.15704585873710375,2022
191,33_2022,2022,7.424165281042028,7.467942332285852,7.59715393920826,"Random forest (tuned, lag-only)",7.424165281042028,7.59715393920826,-0.17298865816623188,2022
192,35_2022,2022,6.255750041753367,6.406879986069314,6.376952093252785,"Random forest (tuned, lag-only)",6.255750041753367,6.376952093252785,-0.12120205149941832,2022
193,36_2022,2022,1.791759469228055,0,1.2960597307899087,"Random forest (tuned, lag-only)",1.791759469228055,1.2960597307899087,0.4956997384381463,2022
194,37_2022,2022,4.7535901911063645,4.948759890378168,5.011283380027958,"Random forest (tuned, lag-only)",4.7535901911063645,5.011283380027958,-0.25769318892159365,2022
195,38_2022,2022,6.580639137284949,6.7226297948554485,6.427980659261331,"Random forest (tuned, lag-only)",6.580639137284949,6.427980659261331,0.15265847802361865,2022
196,39_2022,2022,5.198497031265826,5.170483995038151,5.019804457890715,"Random forest (tuned, lag-only)",5.198497031265826,5.019804457890715,0.1786925733751108,2022
197,41_2022,2022,9.8015101964236635,9.886137914201015,9.795801248075229,"Random forest (tuned, lag-only)",9.8015101964236635,9.795801248075229,0.005708948348434717,2022
198,42_2022,2022,7.994969522697877,8.02322468471667,7.842313329072957,"Random forest (tuned, lag-only)",7.994969522697877,7.842313329072957,0.15265619362492,2022
199,43_2022,2022,10.252946523854552,10.317945437479338,10.140402977253235,"Random forest (tuned, lag-only)",10.252946523854552,10.140402977253235,0.1125435466013176,2022
200,45_2022,2022,8.932740634865914,9.089414904047302,9.344023636155985,"Random forest (tuned, lag-only)",8.932740634865914,9.344023636155985,-0.4112830012900712,2022
201,46_2022,2022,9.283683766200392,9.509036565691064,9.696674713420226,"Random forest (tuned, lag-only)",9.283683766200392,9.696674713420226,-0.41299094721983387,2022
202,47_2022,2022,10.28946398406043,10.56800375029692,10.141293482500426,"Random forest (tuned, lag-only)",10.28946398406043,10.141293482500426,0.14817050156000278,2022
203,49_2022,2022,9.72142596194803,9.936003144212808,9.404930538352936,"Random forest (tuned, lag-only)",9.72142596194803,9.404930538352936,0.31649542359509475,2022
204,50_2022,2022,4.7535901911063645,4.7535901911063645,5.000867174303575,"Random forest (tuned, lag-only)",4.7535901911063645,5.000867174303575,-0.24727698319721014,2022
205,51_2022,2022,4.454347296253507,5.545177444479562,5.025897468038866,"Random forest (tuned, lag-only)",4.454347296253507,5.025897468038866,-0.5715501717853586,2022
206,52_2022,2022,7.796057974316123,7.972810784121404,7.669682981558491,"Random forest (tuned, lag-only)",7.796057974316123,7.669682981558491,0.12637499275763187,2022
207,53_2022,2022,9.750394646402302,10.008568028986636,9.429459421195894,"Random forest (tuned, lag-only)",9.750394646402302,9.429459421195894,0.3209352252064086,2022
208,55_2022,2022,7.78155595923534,7.75833346749091,7.594122550181939,"Random forest (tuned, lag-only)",7.78155595923534,7.594122550181939,0.18743340905340133,2022
209,56_2022,2022,10.171833888681167,10.262070674744162,9.975614095255256,"Random forest (tuned, lag-only)",10.171833888681167,9.975614095255256,0.1962197934259109,2022
210,58_2022,2022,7.3783837129967145,7.349873704738337,7.352242014339916,"Random forest (tuned, lag-only)",7.3783837129967145,7.352242014339916,0.026141698656798162,2022
211,59_2022,2022,8.38160253710989,8.344267356262645,8.391771623173494,"Random forest (tuned, lag-only)",8.38160253710989,8.391771623173494,-0.010169086063603672,2022
212,60_2022,2022,5.4638318050256105,5.583496308781699,5.534539236096805,"Random forest (tuned, lag-only)",5.4638318050256105,5.534539236096805,-0.07070743107119437,2022
213,61_2022,2022,6.769641976852503,6.836259277277067,6.944692812601699,"Random forest (tuned, lag-only)",6.769641976852503,6.944692812601699,-0.17505083574919578,2022
214,62_2022,2022,9.555772349968867,9.543306469268108,9.943818344457275,"Random forest (tuned, lag-only)",9.555772349968867,9.943818344457275,-0.38804599448840804,2022
215,63_2022,2022,7.13966033596492,7.27655640271871,7.1121842872065315,"Random forest (tuned, lag-only)",7.13966033596492,7.1121842872065315,0.027476048758388494,2022
216,64_2022,2022,7.349873704738337,7.13966033596492,7.194896752616334,"Random forest (tuned, lag-only)",7.349873704738337,7.194896752616334,0.15497695212200302,2022
217,65_2022,2022,5.081404364984463,5.25227342804663,4.904799770476928,"Random forest (tuned, lag-only)",5.081404364984463,4.904799770476928,0.17660459450753496,2022
218,66_2022,2022,6.966967138613983,7.53689712956617,7.5187657268579615,"Random forest (tuned, lag-only)",6.966967138613983,7.5187657268579615,-0.5517985882439786,2022
219,68_2022,2022,9.378055776380775,9.421897054038473,9.608795455142872,"Random forest (tuned, lag-only)",9.378055776380775,9.608795455142872,-0.230739678762097,2022
220,69_2022,2022,8.48590890137647,8.624431942085836,8.886015736690771,"Random forest (tuned, lag-only)",8.48590890137647,8.886015736690771,-0.40010683531430047,2022
221,70_2022,2022,9.839268980209477,9.92627591416656,9.949063768845866,"Random forest (tuned, lag-only)",9.839268980209477,9.949063768845866,-0.10979478863638903,2022
222,71_2022,2022,8.801017833540714,8.914088348841334,9.247003485968067,"Random forest (tuned, lag-only)",8.801017833540714,9.247003485968067,-0.44598565242735333,2022
223,72_2022,2022,6.3561076606958915,6.666956792429207,6.479926388513385,"Random forest (tuned, lag-only)",6.3561076606958915,6.479926388513385,-0.12381872781749337,2022
224,73_2022,2022,7.901377353792616,8.028129059431759,7.7170256684931955,"Random forest (tuned, lag-only)",7.901377353792616,7.7170256684931955,0.18435168529942025,2022
225,74_2022,2022,9.513477398982824,9.2179116374725,9.404849568038845,"Random forest (tuned, lag-only)",9.513477398982824,9.404849568038845,0.10862783094397876,2022
226,75_2022,2022,5.968707559985366,5.831882477283517,5.9305014221529895,"Random forest (tuned, lag-only)",5.968707559985366,5.9305014221529895,0.03820613783237636,2022
227,77_2022,2022,7.479299637782834,7.601402334583733,7.6267206950786806,"Random forest (tuned, lag-only)",7.479299637782834,7.6267206950786806,-0.14742105729584676,2022
228,78_2022,2022,8.156510226079966,8.487970332739334,8.195984686513535,"Random forest (tuned, lag-only)",8.156510226079966,8.195984686513535,-0.039474460433568836,2022
229,79_2022,2022,6.7226297948554485,6.852242569051878,6.982105335704191,"Random forest (tuned, lag-only)",6.7226297948554485,6.982105335704191,-0.2594755408487428,2022
230,80_2022,2022,7.317212408359839,7.418180822726788,7.1594944321423055,"Random forest (tuned, lag-only)",7.317212408359839,7.1594944321423055,0.15771797621753336,2022
231,81_2022,2022,8.822616945344176,8.938662873666118,8.732405709502986,"Random forest (tuned, lag-only)",8.822616945344176,8.732405709502986,0.09021123584119017,2022
232,82_2022,2022,10.150191368259351,9.833923089150218,9.945012622528608,"Random forest (tuned, lag-only)",10.150191368259351,9.945012622528608,0.20517874573074302,2022
233,85_2022,2022,8.517393171418904,8.591558273371545,8.637578578345718,"Random forest (tuned, lag-only)",8.517393171418904,8.637578578345718,-0.12018540692681334,2022
234,86_2022,2022,8.942591637231851,8.786609455061125,8.743200722125541,"Random forest (tuned, lag-only)",8.942591637231851,8.743200722125541,0.19939091510631002,2022
235,87_2022,2022,7.017506142941256,6.8679744089702925,7.101155569150431,"Random forest (tuned, lag-only)",7.017506142941256,7.101155569150431,-0.08364942620917493,2022
236,88_2022,2022,7.661997558901893,7.923348211930154,8.176034565317739,"Random forest (tuned, lag-only)",7.661997558901893,8.176034565317739,-0.5140370064158457,2022
237,90_2022,2022,8.139148678884066,8.045908742270779,8.680000842718997,"Random forest (tuned, lag-only)",8.139148678884066,8.680000842718997,-0.5408521638349306,2022
238,91_2022,2022,4.454347296253507,4.564348191467836,5.008775284274997,"Random forest (tuned, lag-only)",4.454347296253507,5.008775284274997,-0.55442798802149,2022
239,92_2022,2022,3.58351893845611,3.713572066704308,4.515136007858279,"Random forest (tuned, lag-only)",3.58351893845611,4.515136007858279,-0.9316170694021695,2022
240,93_2022,2022,8.380456667842767,8.458716261657262,8.483151075871469,"Random forest (tuned, lag-only)",8.380456667842767,8.483151075871469,-0.102694408028702,2022
241,94_2022,2022,6.852242569051878,7.103322062526113,7.428494786610471,"Random forest (tuned, lag-only)",6.852242569051878,7.428494786610471,-0.5762522175585927,2022
242,95_2022,2022,6.654152520183219,7.182352111885263,7.012323030321894,"Random forest (tuned, lag-only)",6.654152520183219,7.012323030321894,-0.35817051013867474,2022
243,96_2022,2022,9.155461710466193,9.098961783992793,9.259308712859339,"Random forest (tuned, lag-only)",9.155461710466193,9.259308712859339,-0.10384700239314526,2022
244,05_2023,2023,0,0,0.6077080827582005,"Random forest (tuned, lag-only)",0,0.6077080827582005,-0.6077080827582005,2023
245,06_2023,2023,1.791759469228055,2.772588722239781,2.5222692871194683,"Random forest (tuned, lag-only)",1.791759469228055,2.5222692871194683,-0.7305098178914133,2023
246,07_2023,2023,0,0,0.6880688282707307,"Random forest (tuned, lag-only)",0,0.6880688282707307,-0.6880688282707307,2023
247,08_2023,2023,3.9318256327243257,4.330733340286331,4.3036547336802595,"Random forest (tuned, lag-only)",3.9318256327243257,4.3036547336802595,-0.3718291009559338,2023
248,09_2023,2023,3.9318256327243257,3.4339872044851463,3.6798259375151177,"Random forest (tuned, lag-only)",3.9318256327243257,3.6798259375151177,0.25199969520920806,2023
249,10_2023,2023,6.8885724595653635,7.333676395657684,7.240566830936237,"Random forest (tuned, lag-only)",6.8885724595653635,7.240566830936237,-0.35199437137087397,2023
250,11_2023,2023,5.638354669333745,5.638354669333745,5.7783299802448935,"Random forest (tuned, lag-only)",5.638354669333745,5.7783299802448935,-0.13997531091114812,2023
251,12_2023,2023,0,0,0.6880688282707307,"Random forest (tuned, lag-only)",0,0.6880688282707307,-0.6880688282707307,2023
252,13_2023,2023,5.955837369464831,6.293419278846481,6.257431926905628,"Random forest (tuned, lag-only)",5.955837369464831,6.257431926905628,-0.3015945574407972,2023
253,14_2023,2023,5.846438775057725,6.100318952020064,6.236874707957558,"Random forest (tuned, lag-only)",5.846438775057725,6.236874707957558,-0.390435932899833,2023
254,15_2023,2023,4.02535169073515,4.51085950651685,4.3071340281077735,"Random forest (tuned, lag-only)",4.02535169073515,4.3071340281077735,-0.2817823373726238,2023
255,16_2023,2023,6.873163834212518,7.1592919047975645,6.910259603158914,"Random forest (tuned, lag-only)",6.873163834212518,6.910259603158914,-0.03709576894639621,2023
256,17_2023,2023,4.51085950651685,4.983606621708336,4.902316243158589,"Random forest (tuned, lag-only)",4.51085950651685,4.902316243158589,-0.3914567366417394,2023
257,18_2023,2023,6.406879986069314,6.455198563340122,6.818000958292466,"Random forest (tuned, lag-only)",6.406879986069314,6.818000958292466,-0.41112097222315214,2023
258,19_2023,2023,1.791759469228055,0,1.1588205259881994,"Random forest (tuned, lag-only)",1.791759469228055,1.1588205259881994,0.6329389432398556,2023
259,20_2023,2023,5.602118820879701,6.19644412779452,6.007011184641512,"Random forest (tuned, lag-only)",5.602118820879701,6.007011184641512,-0.40489236376181115,2023
260,21_2023,2023,4.02535169073515,4.454347296253507,4.244538822671284,"Random forest (tuned, lag-only)",4.02535169073515,4.244538822671284,-0.2191871319361347,2023
261,22_2023,2023,5.327876168789581,5.545177444479562,5.92239685706763,"Random forest (tuned, lag-only)",5.327876168789581,5.92239685706763,-0.5945206882780489,2023
262,23_2023,2023,5.8888779583328805,6.523562306149512,6.1800201341000705,"Random forest (tuned, lag-only)",5.8888779583328805,6.1800201341000705,-0.2911421757671899,2023
263,24_2023,2023,5.049856007249537,5.303304908059076,5.220669241713763,"Random forest (tuned, lag-only)",5.049856007249537,5.220669241713763,-0.1708132344642257,2023
264,25_2023,2023,6.943122422819428,7.186144304522325,7.770032347211868,"Random forest (tuned, lag-only)",6.943122422819428,7.770032347211868,-0.8269099243924396,2023
265,26_2023,2023,5.942799375126701,6.175867270105761,6.3375535803755705,"Random forest (tuned, lag-only)",5.942799375126701,6.3375535803755705,-0.3947542052488693,2023
266,27_2023,2023,5.442417710521793,5.723585101952381,6.042467934000194,"Random forest (tuned, lag-only)",5.442417710521793,6.042467934000194,-0.6000502234784006,2023
267,28_2023,2023,6.054439346269371,6.673297967767654,6.4382729820675415,"Random forest (tuned, lag-only)",6.054439346269371,6.4382729820675415,-0.38383363579817065,2023
268,29_2023,2023,5.771441123130016,6.077642243349034,6.135293074718648,"Random forest (tuned, lag-only)",5.771441123130016,6.135293074718648,-0.36385195158863226,2023
269,30_2023,2023,5.327876168789581,5.638354669333745,5.547591285729255,"Random forest (tuned, lag-only)",5.327876168789581,5.547591285729255,-0.21971511693967383,2023
270,31_2023,2023,6.373319789577012,6.523562306149512,6.474413958753693,"Random forest (tuned, lag-only)",6.373319789577012,6.474413958753693,-0.10109416917668046,2023
271,32_2023,2023,6.8885724595653635,6.943122422819428,7.056246138226142,"Random forest (tuned, lag-only)",6.8885724595653635,7.056246138226142,-0.16767367866077887,2023
272,33_2023,2023,7.3752557780097545,7.424165281042028,7.446444100724463,"Random forest (tuned, lag-only)",7.3752557780097545,7.446444100724463,-0.07118832271470854,2023
273,35_2023,2023,6.3818160174060985,6.255750041753367,6.350276046910744,"Random forest (tuned, lag-only)",6.3818160174060985,6.350276046910744,0.03153997049535473,2023
274,36_2023,2023,1.791759469228055,1.791759469228055,1.2367928205592649,"Random forest (tuned, lag-only)",1.791759469228055,1.2367928205592649,0.5549666486687901,2023
275,37_2023,2023,4.795790545596741,4.7535901911063645,4.948032401319003,"Random forest (tuned, lag-only)",4.795790545596741,4.948032401319003,-0.152241855722262,2023
276,38_2023,2023,6.373319789577012,6.580639137284949,6.423233272502809,"Random forest (tuned, lag-only)",6.373319789577012,6.423233272502809,-0.049913482925797226,2023
277,39_2023,2023,4.948759890378168,5.198497031265826,4.962820896677047,"Random forest (tuned, lag-only)",4.948759890378168,4.962820896677047,-0.014061006298878631,2023
278,41_2023,2023,9.702350081484532,9.8015101964236635,9.96924307211035,"Random forest (tuned, lag-only)",9.702350081484532,9.96924307211035,-0.26689299062581817,2023
279,42_2023,2023,8.060224240440958,7.994969522697877,7.7757376618938,"Random forest (tuned, lag-only)",8.060224240440958,7.7757376618938,0.284486578547158,2023
280,43_2023,2023,10.225426113666,10.252946523854552,10.214066070485105,"Random forest (tuned, lag-only)",10.225426113666,10.214066070485105,0.011360043180895119,2023
281,45_2023,2023,8.949754525186103,8.932740634865914,9.45461867793913,"Random forest (tuned, lag-only)",8.949754525186103,9.45461867793913,-0.5048641527530275,2023
282,46_2023,2023,9.171703488361265,9.283683766200392,9.485707190190164,"Random forest (tuned, lag-only)",9.171703488361265,9.485707190190164,-0.3140037018288986,2023
283,47_2023,2023,10.193392153341007,10.28946398406043,10.237345264927393,"Random forest (tuned, lag-only)",10.193392153341007,10.237345264927393,-0.043953111586386484,2023
284,49_2023,2023,9.310276200588783,9.72142596194803,9.271251550317896,"Random forest (tuned, lag-only)",9.310276200588783,9.271251550317896,0.03902465027088731,2023
285,50_2023,2023,4.948759890378168,4.7535901911063645,4.7685570806965245,"Random forest (tuned, lag-only)",4.948759890378168,4.7685570806965245,0.18020280968164393,2023
286,51_2023,2023,4.709530201312334,4.454347296253507,4.81511169561247,"Random forest (tuned, lag-only)",4.709530201312334,4.81511169561247,-0.10558149430013586,2023
287,52_2023,2023,7.698936199813447,7.796057974316123,7.754419361875521,"Random forest (tuned, lag-only)",7.698936199813447,7.754419361875521,-0.05548316206207371,2023
288,53_2023,2023,9.0217190130337,9.750394646402302,9.6000719586394,"Random forest (tuned, lag-only)",9.0217190130337,9.6000719586394,-0.578352945605701,2023
289,55_2023,2023,7.80016307039296,7.78155595923534,7.669740508666459,"Random forest (tuned, lag-only)",7.80016307039296,7.669740508666459,0.13042256172650113,2023
290,56_2023,2023,10.179640924163953,10.171833888681167,10.00742937112165,"Random forest (tuned, lag-only)",10.179640924163953,10.00742937112165,0.1722115530423025,2023
291,58_2023,2023,7.368970402194793,7.3783837129967145,7.411531916911432,"Random forest (tuned, lag-only)",7.368970402194793,7.411531916911432,-0.04256151471663916,2023
292,59_2023,2023,8.4252971767117,8.38160253710989,8.310741592019275,"Random forest (tuned, lag-only)",8.4252971767117,8.310741592019275,0.11455558469242533,2023
293,60_2023,2023,5.5053315359323625,5.4638318050256105,5.536551377149175,"Random forest (tuned, lag-only)",5.5053315359323625,5.536551377149175,-0.03121984121681276,2023
294,61_2023,2023,6.893656354602635,6.769641976852503,6.888950239829593,"Random forest (tuned, lag-only)",6.893656354602635,6.888950239829593,0.00470611477304228,2023
295,62_2023,2023,9.542230699092284,9.555772349968867,9.888209339228256,"Random forest (tuned, lag-only)",9.542230699092284,9.888209339228256,-0.34597864013597146,2023
296,63_2023,2023,6.976348070447749,7.13966033596492,7.2260303493662965,"Random forest (tuned, lag-only)",6.976348070447749,7.2260303493662965,-0.24968227891854777,2023
297,64_2023,2023,7.223295679562314,7.349873704738337,7.099093063596145,"Random forest (tuned, lag-only)",7.223295679562314,7.099093063596145,0.1242026159661691,2023
298,65_2023,2023,5.049856007249537,5.081404364984463,5.055778452919234,"Random forest (tuned, lag-only)",5.049856007249537,5.055778452919234,-0.005922445669696685,2023
299,66_2023,2023,6.852242569051878,6.966967138613983,7.680321914854062,"Random forest (tuned, lag-only)",6.852242569051878,7.680321914854062,-0.828079345802184,2023
300,68_2023,2023,9.456497077599392,9.378055776380775,9.7451984837355,"Random forest (tuned, lag-only)",9.456497077599392,9.7451984837355,-0.2887014061361075,2023
301,69_2023,2023,8.48590890137647,8.48590890137647,8.80874536664763,"Random forest (tuned, lag-only)",8.48590890137647,8.80874536664763,-0.32283646527115906,2023
302,70_2023,2023,9.896513288798792,9.839268980209477,9.964638852053895,"Random forest (tuned, lag-only)",9.896513288798792,9.964638852053895,-0.06812556325510322,2023
303,71_2023,2023,8.871505346165781,8.801017833540714,9.141314923920294,"Random forest (tuned, lag-only)",8.871505346165781,9.141314923920294,-0.2698095777545131,2023
304,72_2023,2023,6.3561076606958915,6.3561076606958915,6.511746731557901,"Random forest (tuned, lag-only)",6.3561076606958915,6.511746731557901,-0.15563907086200945,2023
305,73_2023,2023,7.964155718840937,7.901377353792616,7.610162137198847,"Random forest (tuned, lag-only)",7.964155718840937,7.610162137198847,0.35399358164209005,2023
306,74_2023,2023,9.516058806914062,9.513477398982824,9.409272977843294,"Random forest (tuned, lag-only)",9.516058806914062,9.409272977843294,0.10678582907076795,2023
307,75_2023,2023,5.8888779583328805,5.968707559985366,6.048306857309482,"Random forest (tuned, lag-only)",5.8888779583328805,6.048306857309482,-0.15942889897660173,2023
308,77_2023,2023,7.333676395657684,7.479299637782834,7.691199046140717,"Random forest (tuned, lag-only)",7.333676395657684,7.691199046140717,-0.3575226504830331,2023
309,78_2023,2023,8.404248432400102,8.156510226079966,8.28644365500291,"Random forest (tuned, lag-only)",8.404248432400102,8.28644365500291,0.11780477739719153,2023
310,79_2023,2023,7.061334366910438,6.7226297948554485,6.785331999879701,"Random forest (tuned, lag-only)",7.061334366910438,6.785331999879701,0.27600236703073655,2023
311,80_2023,2023,7.43307534889858,7.317212408359839,7.148024228782657,"Random forest (tuned, lag-only)",7.43307534889858,7.148024228782657,0.2850511201159227,2023
312,81_2023,2023,8.778941881841513,8.822616945344176,9.023063485039346,"Random forest (tuned, lag-only)",8.778941881841513,9.023063485039346,-0.24412160319783283,2023
313,82_2023,2023,10.039372423556493,10.150191368259351,9.99855201330658,"Random forest (tuned, lag-only)",10.039372423556493,9.99855201330658,0.04082041024991234,2023
314,85_2023,2023,8.523374050491318,8.517393171418904,8.769078105080537,"Random forest (tuned, lag-only)",8.523374050491318,8.769078105080537,-0.2457040545892184,2023
315,86_2023,2023,9.078065332666364,8.942591637231851,8.744853619168822,"Random forest (tuned, lag-only)",9.078065332666364,8.744853619168822,0.3332117134975423,2023
316,87_2023,2023,7.223295679562314,7.017506142941256,7.047234180882933,"Random forest (tuned, lag-only)",7.223295679562314,7.047234180882933,0.17606149867938115,2023
317,88_2023,2023,7.643003635560718,7.661997558901893,8.007741273851973,"Random forest (tuned, lag-only)",7.643003635560718,8.007741273851973,-0.3647376382912553,2023
318,90_2023,2023,8.228443883004033,8.139148678884066,8.373260642682512,"Random forest (tuned, lag-only)",8.228443883004033,8.373260642682512,-0.14481675967847885,2023
319,91_2023,2023,4.454347296253507,4.454347296253507,4.620942867882284,"Random forest (tuned, lag-only)",4.454347296253507,4.620942867882284,-0.16659557162877636,2023
320,92_2023,2023,3.044522437723423,3.58351893845611,4.243300432086738,"Random forest (tuned, lag-only)",3.044522437723423,4.243300432086738,-1.1987779943633146,2023
321,93_2023,2023,8.405367376233981,8.380456667842767,8.478601533227188,"Random forest (tuned, lag-only)",8.405367376233981,8.478601533227188,-0.07323415699320712,2023
322,94_2023,2023,6.898714534329988,6.852242569051878,7.200124605580592,"Random forest (tuned, lag-only)",6.898714534329988,7.200124605580592,-0.3014100712506034,2023
323,95_2023,2023,6.470799503782602,6.654152520183219,6.854118349869688,"Random forest (tuned, lag-only)",6.470799503782602,6.854118349869688,-0.3833188460870858,2023
324,96_2023,2023,9.201400530406708,9.155461710466193,9.394939379571694,"Random forest (tuned, lag-only)",9.201400530406708,9.394939379571694,-0.19353884916498565,2023
163,05_2022,2022,0,0,0,Naive lag baseline,0,0,0,2022
164,06_2022,2022,2.772588722239781,2.772588722239781,2.772588722239781,Naive lag baseline,2.772588722239781,2.772588722239781,0,2022
165,07_2022,2022,0,1.791759469228055,1.791759469228055,Naive lag baseline,0,1.791759469228055,-1.791759469228055,2022
166,08_2022,2022,4.330733340286331,4.2626798770413155,4.2626798770413155,Naive lag baseline,4.330733340286331,4.2626798770413155,0.0680534632450156,2022
167,09_2022,2022,3.4339872044851463,3.58351893845611,3.58351893845611,Naive lag baseline,3.4339872044851463,3.58351893845611,-0.14953173397096364,2022
168,10_2022,2022,7.333676395657684,7.333676395657684,7.333676395657684,Naive lag baseline,7.333676395657684,7.333676395657684,0,2022
169,11_2022,2022,5.638354669333745,5.929589143389895,5.929589143389895,Naive lag baseline,5.638354669333745,5.929589143389895,-0.2912344740561492,2022
170,12_2022,2022,0,1.791759469228055,1.791759469228055,Naive lag baseline,0,1.791759469228055,-1.791759469228055,2022
171,13_2022,2022,6.293419278846481,6.236369590203704,6.236369590203704,Naive lag baseline,6.293419278846481,6.236369590203704,0.05704968864277671,2022
172,14_2022,2022,6.100318952020064,6.523562306149512,6.523562306149512,Naive lag baseline,6.100318952020064,6.523562306149512,-0.4232433541294478,2022
173,15_2022,2022,4.51085950651685,4.51085950651685,4.51085950651685,Naive lag baseline,4.51085950651685,4.51085950651685,0,2022
174,16_2022,2022,7.1592919047975645,7.280008252884188,7.280008252884188,Naive lag baseline,7.1592919047975645,7.280008252884188,-0.12071634808662335,2022
175,17_2022,2022,4.983606621708336,4.912654885736052,4.912654885736052,Naive lag baseline,4.983606621708336,4.912654885736052,0.07095173597228399,2022
176,18_2022,2022,6.455198563340122,6.641182169740591,6.641182169740591,Naive lag baseline,6.455198563340122,6.641182169740591,-0.18598360640046874,2022
177,19_2022,2022,0,2.772588722239781,2.772588722239781,Naive lag baseline,0,2.772588722239781,-2.772588722239781,2022
178,20_2022,2022,6.19644412779452,6.175867270105761,6.175867270105761,Naive lag baseline,6.19644412779452,6.175867270105761,0.020576857688759276,2022
179,21_2022,2022,4.454347296253507,4.454347296253507,4.454347296253507,Naive lag baseline,4.454347296253507,4.454347296253507,0,2022
180,22_2022,2022,5.545177444479562,5.69035945432406,5.69035945432406,Naive lag baseline,5.545177444479562,5.69035945432406,-0.1451820098444978,2022
181,23_2022,2022,6.523562306149512,5.955837369464831,5.955837369464831,Naive lag baseline,6.523562306149512,5.955837369464831,0.567724936684681,2022
182,24_2022,2022,5.303304908059076,5.170483995038151,5.170483995038151,Naive lag baseline,5.303304908059076,5.170483995038151,0.13282091302092436,2022
183,25_2022,2022,7.186144304522325,7.297091005160418,7.297091005160418,Naive lag baseline,7.186144304522325,7.297091005160418,-0.11094670063809264,2022
184,26_2022,2022,6.175867270105761,6.175867270105761,6.175867270105761,Naive lag baseline,6.175867270105761,6.175867270105761,0,2022
185,27_2022,2022,5.723585101952381,5.655991810819852,5.655991810819852,Naive lag baseline,5.723585101952381,5.655991810819852,0.06759329113252832,2022
186,28_2022,2022,6.673297967767654,6.206575926724928,6.206575926724928,Naive lag baseline,6.673297967767654,6.206575926724928,0.4667220410427264,2022
187,29_2022,2022,6.077642243349034,6.3473892096560105,6.3473892096560105,Naive lag baseline,6.077642243349034,6.3473892096560105,-0.26974696630697625,2022
188,30_2022,2022,5.638354669333745,5.638354669333745,5.638354669333745,Naive lag baseline,5.638354669333745,5.638354669333745,0,2022
189,31_2022,2022,6.523562306149512,6.710523109452428,6.710523109452428,Naive lag baseline,6.523562306149512,6.710523109452428,-0.18696080330291576,2022
190,32_2022,2022,6.943122422819428,7.00850518208228,7.00850518208228,Naive lag baseline,6.943122422819428,7.00850518208228,-0.0653827592628522,2022
191,33_2022,2022,7.424165281042028,7.467942332285852,7.467942332285852,Naive lag baseline,7.424165281042028,7.467942332285852,-0.043777051243823806,2022
192,35_2022,2022,6.255750041753367,6.406879986069314,6.406879986069314,Naive lag baseline,6.255750041753367,6.406879986069314,-0.15112994431594728,2022
193,36_2022,2022,1.791759469228055,0,0,Naive lag baseline,1.791759469228055,0,1.791759469228055,2022
194,37_2022,2022,4.7535901911063645,4.948759890378168,4.948759890378168,Naive lag baseline,4.7535901911063645,4.948759890378168,-0.19516969927180394,2022
195,38_2022,2022,6.580639137284949,6.7226297948554485,6.7226297948554485,Naive lag baseline,6.580639137284949,6.7226297948554485,-0.14199065757049922,2022
196,39_2022,2022,5.198497031265826,5.170483995038151,5.170483995038151,Naive lag baseline,5.198497031265826,5.170483995038151,0.028013036227674704,2022
197,41_2022,2022,9.8015101964236635,9.886137914201015,9.886137914201015,Naive lag baseline,9.8015101964236635,9.886137914201015,-0.08462771777735156,2022
198,42_2022,2022,7.994969522697877,8.02322468471667,8.02322468471667,Naive lag baseline,7.994969522697877,8.02322468471667,-0.028255162018792745,2022
199,43_2022,2022,10.252946523854552,10.317945437479338,10.317945437479338,Naive lag baseline,10.252946523854552,10.317945437479338,-0.06499891362478571,2022
200,45_2022,2022,8.932740634865914,9.089414904047302,9.089414904047302,Naive lag baseline,8.932740634865914,9.089414904047302,-0.15667426918138894,2022
201,46_2022,2022,9.283683766200392,9.509036565691064,9.509036565691064,Naive lag baseline,9.283683766200392,9.509036565691064,-0.22535279949067188,2022
202,47_2022,2022,10.28946398406043,10.56800375029692,10.56800375029692,Naive lag baseline,10.28946398406043,10.56800375029692,-0.27853976623649146,2022
203,49_2022,2022,9.72142596194803,9.936003144212808,9.936003144212808,Naive lag baseline,9.72142596194803,9.936003144212808,-0.21457718226477773,2022
204,50_2022,2022,4.7535901911063645,4.7535901911063645,4.7535901911063645,Naive lag baseline,4.7535901911063645,4.7535901911063645,0,2022
205,51_2022,2022,4.454347296253507,5.545177444479562,5.545177444479562,Naive lag baseline,4.454347296253507,5.545177444479562,-1.090830148226055,2022
206,52_2022,2022,7.796057974316123,7.972810784121404,7.972810784121404,Naive lag baseline,7.796057974316123,7.972810784121404,-0.17675280980528107,2022
207,53_2022,2022,9.750394646402302,10.008568028986636,10.008568028986636,Naive lag baseline,9.750394646402302,10.008568028986636,-0.2581733825843333,2022
208,55_2022,2022,7.78155595923534,7.75833346749091,7.75833346749091,Naive lag baseline,7.78155595923534,7.75833346749091,0.023222491744429696,2022
209,56_2022,2022,10.171833888681167,10.262070674744162,10.262070674744162,Naive lag baseline,10.171833888681167,10.262070674744162,-0.09023678606299512,2022
210,58_2022,2022,7.3783837129967145,7.349873704738337,7.349873704738337,Naive lag baseline,7.3783837129967145,7.349873704738337,0.028510008258377795,2022
211,59_2022,2022,8.38160253710989,8.344267356262645,8.344267356262645,Naive lag baseline,8.38160253710989,8.344267356262645,0.0373351808472453,2022
212,60_2022,2022,5.4638318050256105,5.583496308781699,5.583496308781699,Naive lag baseline,5.4638318050256105,5.583496308781699,-0.11966450375608861,2022
213,61_2022,2022,6.769641976852503,6.836259277277067,6.836259277277067,Naive lag baseline,6.769641976852503,6.836259277277067,-0.06661730042456426,2022
214,62_2022,2022,9.555772349968867,9.543306469268108,9.543306469268108,Naive lag baseline,9.555772349968867,9.543306469268108,0.012465880700759158,2022
215,63_2022,2022,7.13966033596492,7.27655640271871,7.27655640271871,Naive lag baseline,7.13966033596492,7.27655640271871,-0.13689606675379018,2022
216,64_2022,2022,7.349873704738337,7.13966033596492,7.13966033596492,Naive lag baseline,7.349873704738337,7.13966033596492,0.21021336877341668,2022
217,65_2022,2022,5.081404364984463,5.25227342804663,5.25227342804663,Naive lag baseline,5.081404364984463,5.25227342804663,-0.17086906306216676,2022
218,66_2022,2022,6.966967138613983,7.53689712956617,7.53689712956617,Naive lag baseline,6.966967138613983,7.53689712956617,-0.5699299909521871,2022
219,68_2022,2022,9.378055776380775,9.421897054038473,9.421897054038473,Naive lag baseline,9.378055776380775,9.421897054038473,-0.043841277657698186,2022
220,69_2022,2022,8.48590890137647,8.624431942085836,8.624431942085836,Naive lag baseline,8.48590890137647,8.624431942085836,-0.13852304070936583,2022
221,70_2022,2022,9.839268980209477,9.92627591416656,9.92627591416656,Naive lag baseline,9.839268980209477,9.92627591416656,-0.08700693395708292,2022
222,71_2022,2022,8.801017833540714,8.914088348841334,8.914088348841334,Naive lag baseline,8.801017833540714,8.914088348841334,-0.1130705153006204,2022
223,72_2022,2022,6.3561076606958915,6.666956792429207,6.666956792429207,Naive lag baseline,6.3561076606958915,6.666956792429207,-0.3108491317333151,2022
224,73_2022,2022,7.901377353792616,8.028129059431759,8.028129059431759,Naive lag baseline,7.901377353792616,8.028129059431759,-0.12675170563914318,2022
225,74_2022,2022,9.513477398982824,9.2179116374725,9.2179116374725,Naive lag baseline,9.513477398982824,9.2179116374725,0.2955657615103231,2022
226,75_2022,2022,5.968707559985366,5.831882477283517,5.831882477283517,Naive lag baseline,5.968707559985366,5.831882477283517,0.1368250827018489,2022
227,77_2022,2022,7.479299637782834,7.601402334583733,7.601402334583733,Naive lag baseline,7.479299637782834,7.601402334583733,-0.12210269680089958,2022
228,78_2022,2022,8.156510226079966,8.487970332739334,8.487970332739334,Naive lag baseline,8.156510226079966,8.487970332739334,-0.3314601066593674,2022
229,79_2022,2022,6.7226297948554485,6.852242569051878,6.852242569051878,Naive lag baseline,6.7226297948554485,6.852242569051878,-0.12961277419642947,2022
230,80_2022,2022,7.317212408359839,7.418180822726788,7.418180822726788,Naive lag baseline,7.317212408359839,7.418180822726788,-0.1009684143669487,2022
231,81_2022,2022,8.822616945344176,8.938662873666118,8.938662873666118,Naive lag baseline,8.822616945344176,8.938662873666118,-0.11604592832194172,2022
232,82_2022,2022,10.150191368259351,9.833923089150218,9.833923089150218,Naive lag baseline,10.150191368259351,9.833923089150218,0.31626827910913313,2022
233,85_2022,2022,8.517393171418904,8.591558273371545,8.591558273371545,Naive lag baseline,8.517393171418904,8.591558273371545,-0.07416510195264081,2022
234,86_2022,2022,8.942591637231851,8.786609455061125,8.786609455061125,Naive lag baseline,8.942591637231851,8.786609455061125,0.15598218217072635,2022
235,87_2022,2022,7.017506142941256,6.8679744089702925,6.8679744089702925,Naive lag baseline,7.017506142941256,6.8679744089702925,0.14953173397096364,2022
236,88_2022,2022,7.661997558901893,7.923348211930154,7.923348211930154,Naive lag baseline,7.661997558901893,7.923348211930154,-0.261350653028261,2022
237,90_2022,2022,8.139148678884066,8.045908742270779,8.045908742270779,Naive lag baseline,8.139148678884066,8.045908742270779,0.093239936613287,2022
238,91_2022,2022,4.454347296253507,4.564348191467836,4.564348191467836,Naive lag baseline,4.454347296253507,4.564348191467836,-0.11000089521432876,2022
239,92_2022,2022,3.58351893845611,3.713572066704308,3.713572066704308,Naive lag baseline,3.58351893845611,3.713572066704308,-0.13005312824819804,2022
240,93_2022,2022,8.380456667842767,8.458716261657262,8.458716261657262,Naive lag baseline,8.380456667842767,8.458716261657262,-0.07825959381449543,2022
241,94_2022,2022,6.852242569051878,7.103322062526113,7.103322062526113,Naive lag baseline,6.852242569051878,7.103322062526113,-0.25107949347423464,2022
242,95_2022,2022,6.654152520183219,7.182352111885263,7.182352111885263,Naive lag baseline,6.654152520183219,7.182352111885263,-0.5281995917020437,2022
243,96_2022,2022,9.155461710466193,9.098961783992793,9.098961783992793,Naive lag baseline,9.155461710466193,9.098961783992793,0.05649992647339985,2022
244,05_2023,2023,0,0,0,Naive lag baseline,0,0,0,2023
245,06_2023,2023,1.791759469228055,2.772588722239781,2.772588722239781,Naive lag baseline,1.791759469228055,2.772588722239781,-0.9808292530117262,2023
246,07_2023,2023,0,0,0,Naive lag baseline,0,0,0,2023
247,08_2023,2023,3.9318256327243257,4.330733340286331,4.330733340286331,Naive lag baseline,3.9318256327243257,4.330733340286331,-0.39890770756200533,2023
248,09_2023,2023,3.9318256327243257,3.4339872044851463,3.4339872044851463,Naive lag baseline,3.9318256327243257,3.4339872044851463,0.49783842823917945,2023
249,10_2023,2023,6.8885724595653635,7.333676395657684,7.333676395657684,Naive lag baseline,6.8885724595653635,7.333676395657684,-0.4451039360923206,2023
250,11_2023,2023,5.638354669333745,5.638354669333745,5.638354669333745,Naive lag baseline,5.638354669333745,5.638354669333745,0,2023
251,12_2023,2023,0,0,0,Naive lag baseline,0,0,0,2023
252,13_2023,2023,5.955837369464831,6.293419278846481,6.293419278846481,Naive lag baseline,5.955837369464831,6.293419278846481,-0.3375819093816501,2023
253,14_2023,2023,5.846438775057725,6.100318952020064,6.100318952020064,Naive lag baseline,5.846438775057725,6.100318952020064,-0.25388017696233955,2023
254,15_2023,2023,4.02535169073515,4.51085950651685,4.51085950651685,Naive lag baseline,4.02535169073515,4.51085950651685,-0.4855078157817001,2023
255,16_2023,2023,6.873163834212518,7.1592919047975645,7.1592919047975645,Naive lag baseline,6.873163834212518,7.1592919047975645,-0.28612807058504686,2023
256,17_2023,2023,4.51085950651685,4.983606621708336,4.983606621708336,Naive lag baseline,4.51085950651685,4.983606621708336,-0.4727471151914866,2023
257,18_2023,2023,6.406879986069314,6.455198563340122,6.455198563340122,Naive lag baseline,6.406879986069314,6.455198563340122,-0.04831857727080813,2023
258,19_2023,2023,1.791759469228055,0,0,Naive lag baseline,1.791759469228055,0,1.791759469228055,2023
259,20_2023,2023,5.602118820879701,6.19644412779452,6.19644412779452,Naive lag baseline,5.602118820879701,6.19644412779452,-0.5943253069148193,2023
260,21_2023,2023,4.02535169073515,4.454347296253507,4.454347296253507,Naive lag baseline,4.02535169073515,4.454347296253507,-0.4289956055183577,2023
261,22_2023,2023,5.327876168789581,5.545177444479562,5.545177444479562,Naive lag baseline,5.327876168789581,5.545177444479562,-0.21730127568998103,2023
262,23_2023,2023,5.8888779583328805,6.523562306149512,6.523562306149512,Naive lag baseline,5.8888779583328805,6.523562306149512,-0.6346843478166315,2023
263,24_2023,2023,5.049856007249537,5.303304908059076,5.303304908059076,Naive lag baseline,5.049856007249537,5.303304908059076,-0.25344890080953864,2023
264,25_2023,2023,6.943122422819428,7.186144304522325,7.186144304522325,Naive lag baseline,6.943122422819428,7.186144304522325,-0.24302188170289707,2023
265,26_2023,2023,5.942799375126701,6.175867270105761,6.175867270105761,Naive lag baseline,5.942799375126701,6.175867270105761,-0.2330678949790599,2023
266,27_2023,2023,5.442417710521793,5.723585101952381,5.723585101952381,Naive lag baseline,5.442417710521793,5.723585101952381,-0.28116739143058744,2023
267,28_2023,2023,6.054439346269371,6.673297967767654,6.673297967767654,Naive lag baseline,6.054439346269371,6.673297967767654,-0.6188586214982834,2023
268,29_2023,2023,5.771441123130016,6.077642243349034,6.077642243349034,Naive lag baseline,5.771441123130016,6.077642243349034,-0.30620112021901846,2023
269,30_2023,2023,5.327876168789581,5.638354669333745,5.638354669333745,Naive lag baseline,5.327876168789581,5.638354669333745,-0.31047850054416415,2023
270,31_2023,2023,6.373319789577012,6.523562306149512,6.523562306149512,Naive lag baseline,6.373319789577012,6.523562306149512,-0.15024251657249987,2023
271,32_2023,2023,6.8885724595653635,6.943122422819428,6.943122422819428,Naive lag baseline,6.8885724595653635,6.943122422819428,-0.05454996325406469,2023
272,33_2023,2023,7.3752557780097545,7.424165281042028,7.424165281042028,Naive lag baseline,7.3752557780097545,7.424165281042028,-0.048909503032273705,2023
273,35_2023,2023,6.3818160174060985,6.255750041753367,6.255750041753367,Naive lag baseline,6.3818160174060985,6.255750041753367,0.1260659756527316,2023
274,36_2023,2023,1.791759469228055,1.791759469228055,1.791759469228055,Naive lag baseline,1.791759469228055,1.791759469228055,0,2023
275,37_2023,2023,4.795790545596741,4.7535901911063645,4.7535901911063645,Naive lag baseline,4.795790545596741,4.7535901911063645,0.042200354490376846,2023
276,38_2023,2023,6.373319789577012,6.580639137284949,6.580639137284949,Naive lag baseline,6.373319789577012,6.580639137284949,-0.20731934770793714,2023
277,39_2023,2023,4.948759890378168,5.198497031265826,5.198497031265826,Naive lag baseline,4.948759890378168,5.198497031265826,-0.24973714088765764,2023
278,41_2023,2023,9.702350081484532,9.8015101964236635,9.8015101964236635,Naive lag baseline,9.702350081484532,9.8015101964236635,-0.09916011493913146,2023
279,42_2023,2023,8.060224240440958,7.994969522697877,7.994969522697877,Naive lag baseline,8.060224240440958,7.994969522697877,0.06525471774308045,2023
280,43_2023,2023,10.225426113666,10.252946523854552,10.252946523854552,Naive lag baseline,10.225426113666,10.252946523854552,-0.027520410188552447,2023
281,45_2023,2023,8.949754525186103,8.932740634865914,8.932740634865914,Naive lag baseline,8.949754525186103,8.932740634865914,0.017013890320189518,2023
282,46_2023,2023,9.171703488361265,9.283683766200392,9.283683766200392,Naive lag baseline,9.171703488361265,9.283683766200392,-0.11198027783912679,2023
283,47_2023,2023,10.193392153341007,10.28946398406043,10.28946398406043,Naive lag baseline,10.193392153341007,10.28946398406043,-0.09607183071942238,2023
284,49_2023,2023,9.310276200588783,9.72142596194803,9.72142596194803,Naive lag baseline,9.310276200588783,9.72142596194803,-0.41114976135924763,2023
285,50_2023,2023,4.948759890378168,4.7535901911063645,4.7535901911063645,Naive lag baseline,4.948759890378168,4.7535901911063645,0.19516969927180394,2023
286,51_2023,2023,4.709530201312334,4.454347296253507,4.454347296253507,Naive lag baseline,4.709530201312334,4.454347296253507,0.25518290505882657,2023
287,52_2023,2023,7.698936199813447,7.796057974316123,7.796057974316123,Naive lag baseline,7.698936199813447,7.796057974316123,-0.09712177450267578,2023
288,53_2023,2023,9.0217190130337,9.750394646402302,9.750394646402302,Naive lag baseline,9.0217190130337,9.750394646402302,-0.7286756333686029,2023
289,55_2023,2023,7.80016307039296,7.78155595923534,7.78155595923534,Naive lag baseline,7.80016307039296,7.78155595923534,0.01860711115762026,2023
290,56_2023,2023,10.179640924163953,10.171833888681167,10.171833888681167,Naive lag baseline,10.179640924163953,10.171833888681167,0.007807035482786162,2023
291,58_2023,2023,7.368970402194793,7.3783837129967145,7.3783837129967145,Naive lag baseline,7.368970402194793,7.3783837129967145,-0.009413310801921426,2023
292,59_2023,2023,8.4252971767117,8.38160253710989,8.38160253710989,Naive lag baseline,8.4252971767117,8.38160253710989,0.04369463960181008,2023
293,60_2023,2023,5.5053315359323625,5.4638318050256105,5.4638318050256105,Naive lag baseline,5.5053315359323625,5.4638318050256105,0.041499730906751964,2023
294,61_2023,2023,6.893656354602635,6.769641976852503,6.769641976852503,Naive lag baseline,6.893656354602635,6.769641976852503,0.12401437775013235,2023
295,62_2023,2023,9.542230699092284,9.555772349968867,9.555772349968867,Naive lag baseline,9.542230699092284,9.555772349968867,-0.013541650876582878,2023
296,63_2023,2023,6.976348070447749,7.13966033596492,7.13966033596492,Naive lag baseline,6.976348070447749,7.13966033596492,-0.16331226551717126,2023
297,64_2023,2023,7.223295679562314,7.349873704738337,7.349873704738337,Naive lag baseline,7.223295679562314,7.349873704738337,-0.12657802517602246,2023
298,65_2023,2023,5.049856007249537,5.081404364984463,5.081404364984463,Naive lag baseline,5.049856007249537,5.081404364984463,-0.031548357734926036,2023
299,66_2023,2023,6.852242569051878,6.966967138613983,6.966967138613983,Naive lag baseline,6.852242569051878,6.966967138613983,-0.11472456956210486,2023
300,68_2023,2023,9.456497077599392,9.378055776380775,9.378055776380775,Naive lag baseline,9.456497077599392,9.378055776380775,0.07844130121861781,2023
301,69_2023,2023,8.48590890137647,8.48590890137647,8.48590890137647,Naive lag baseline,8.48590890137647,8.48590890137647,0,2023
302,70_2023,2023,9.896513288798792,9.839268980209477,9.839268980209477,Naive lag baseline,9.896513288798792,9.839268980209477,0.05724430858931484,2023
303,71_2023,2023,8.871505346165781,8.801017833540714,8.801017833540714,Naive lag baseline,8.871505346165781,8.801017833540714,0.0704875126250677,2023
304,72_2023,2023,6.3561076606958915,6.3561076606958915,6.3561076606958915,Naive lag baseline,6.3561076606958915,6.3561076606958915,0,2023
305,73_2023,2023,7.964155718840937,7.901377353792616,7.901377353792616,Naive lag baseline,7.964155718840937,7.901377353792616,0.06277836504832113,2023
306,74_2023,2023,9.516058806914062,9.513477398982824,9.513477398982824,Naive lag baseline,9.516058806914062,9.513477398982824,0.0025814079312382887,2023
307,75_2023,2023,5.8888779583328805,5.968707559985366,5.968707559985366,Naive lag baseline,5.8888779583328805,5.968707559985366,-0.07982960165248532,2023
308,77_2023,2023,7.333676395657684,7.479299637782834,7.479299637782834,Naive lag baseline,7.333676395657684,7.479299637782834,-0.14562324212514977,2023
309,78_2023,2023,8.404248432400102,8.156510226079966,8.156510226079966,Naive lag baseline,8.404248432400102,8.156510226079966,0.2477382063201361,2023
310,79_2023,2023,7.061334366910438,6.7226297948554485,6.7226297948554485,Naive lag baseline,7.061334366910438,6.7226297948554485,0.33870457205498905,2023
311,80_2023,2023,7.43307534889858,7.317212408359839,7.317212408359839,Naive lag baseline,7.43307534889858,7.317212408359839,0.11586294053874102,2023
312,81_2023,2023,8.778941881841513,8.822616945344176,8.822616945344176,Naive lag baseline,8.778941881841513,8.822616945344176,-0.043675063502663036,2023
313,82_2023,2023,10.039372423556493,10.150191368259351,10.150191368259351,Naive lag baseline,10.039372423556493,10.150191368259351,-0.11081894470285825,2023
314,85_2023,2023,8.523374050491318,8.517393171418904,8.517393171418904,Naive lag baseline,8.523374050491318,8.517393171418904,0.005980879072414069,2023
315,86_2023,2023,9.078065332666364,8.942591637231851,8.942591637231851,Naive lag baseline,9.078065332666364,8.942591637231851,0.13547369543451282,2023
316,87_2023,2023,7.223295679562314,7.017506142941256,7.017506142941256,Naive lag baseline,7.223295679562314,7.017506142941256,0.20578953662105803,2023
317,88_2023,2023,7.643003635560718,7.661997558901893,7.661997558901893,Naive lag baseline,7.643003635560718,7.661997558901893,-0.018993923341175112,2023
318,90_2023,2023,8.228443883004033,8.139148678884066,8.139148678884066,Naive lag baseline,8.228443883004033,8.139148678884066,0.08929520411996705,2023
319,91_2023,2023,4.454347296253507,4.454347296253507,4.454347296253507,Naive lag baseline,4.454347296253507,4.454347296253507,0,2023
320,92_2023,2023,3.044522437723423,3.58351893845611,3.58351893845611,Naive lag baseline,3.044522437723423,3.58351893845611,-0.5389965007326869,2023
321,93_2023,2023,8.405367376233981,8.380456667842767,8.380456667842767,Naive lag baseline,8.405367376233981,8.380456667842767,0.024910708391214342,2023
322,94_2023,2023,6.898714534329988,6.852242569051878,6.852242569051878,Naive lag baseline,6.898714534329988,6.852242569051878,0.04647196527811026,2023
323,95_2023,2023,6.470799503782602,6.654152520183219,6.654152520183219,Naive lag baseline,6.470799503782602,6.654152520183219,-0.18335301640061719,2023
324,96_2023,2023,9.201400530406708,9.155461710466193,9.155461710466193,Naive lag baseline,9.201400530406708,9.155461710466193,0.045938819940515074,2023
